CREATE DATABASE  IF NOT EXISTS `lanasystemdb` /*!40100 DEFAULT CHARACTER SET utf8mb4 COLLATE utf8mb4_general_ci */;
USE `lanasystemdb`;
-- MariaDB dump 10.19  Distrib 10.4.27-MariaDB, for Win64 (AMD64)
--
-- Host: 127.0.0.1    Database: lanasystemdb
-- ------------------------------------------------------
-- Server version	10.4.27-MariaDB

/*!40101 SET @OLD_CHARACTER_SET_CLIENT=@@CHARACTER_SET_CLIENT */;
/*!40101 SET @OLD_CHARACTER_SET_RESULTS=@@CHARACTER_SET_RESULTS */;
/*!40101 SET @OLD_COLLATION_CONNECTION=@@COLLATION_CONNECTION */;
/*!40101 SET NAMES utf8 */;
/*!40103 SET @OLD_TIME_ZONE=@@TIME_ZONE */;
/*!40103 SET TIME_ZONE='+00:00' */;
/*!40014 SET @OLD_UNIQUE_CHECKS=@@UNIQUE_CHECKS, UNIQUE_CHECKS=0 */;
/*!40014 SET @OLD_FOREIGN_KEY_CHECKS=@@FOREIGN_KEY_CHECKS, FOREIGN_KEY_CHECKS=0 */;
/*!40101 SET @OLD_SQL_MODE=@@SQL_MODE, SQL_MODE='NO_AUTO_VALUE_ON_ZERO' */;
/*!40111 SET @OLD_SQL_NOTES=@@SQL_NOTES, SQL_NOTES=0 */;

--
-- Table structure for table `almoxarifados`
--

DROP TABLE IF EXISTS `almoxarifados`;
/*!40101 SET @saved_cs_client     = @@character_set_client */;
/*!40101 SET character_set_client = utf8 */;
CREATE TABLE `almoxarifados` (
  `idProduto` int(11) NOT NULL AUTO_INCREMENT,
  `nomeProduto` varchar(255) NOT NULL,
  `descricaoProduto` varchar(255) NOT NULL,
  `corProduto` varchar(255) NOT NULL,
  `qtdEstoque` int(11) NOT NULL,
  `categoriaProd` int(11) NOT NULL,
  `codBarraProd` varchar(255) NOT NULL,
  `createdAt` datetime NOT NULL,
  `updatedAt` datetime NOT NULL,
  PRIMARY KEY (`idProduto`),
  KEY `categoriaProd` (`categoriaProd`),
  CONSTRAINT `almoxarifados_ibfk_1` FOREIGN KEY (`categoriaProd`) REFERENCES `categorias` (`idCategoria`) ON DELETE NO ACTION ON UPDATE CASCADE
) ENGINE=InnoDB AUTO_INCREMENT=75 DEFAULT CHARSET=utf8mb4 COLLATE=utf8mb4_general_ci;
/*!40101 SET character_set_client = @saved_cs_client */;

--
-- Dumping data for table `almoxarifados`
--

LOCK TABLES `almoxarifados` WRITE;
/*!40000 ALTER TABLE `almoxarifados` DISABLE KEYS */;
INSERT INTO `almoxarifados` VALUES (1,'Caneta Azul','Caneta esferográfica azul','Azul',500,1,'7891234567890','0000-00-00 00:00:00','0000-00-00 00:00:00'),(2,'Lápis HB','Lápis de grafite HB','Preto',1000,1,'7891234567891','0000-00-00 00:00:00','0000-00-00 00:00:00'),(3,'Borracha','Borracha branca','Branca',300,1,'7891234567892','0000-00-00 00:00:00','0000-00-00 00:00:00'),(4,'Caderno 10 Matérias','Caderno espiral 10 matérias','Branco',200,2,'7891234567893','0000-00-00 00:00:00','0000-00-00 00:00:00'),(5,'Agenda 2024','Agenda anual 2024','Branco',150,2,'7891234567894','0000-00-00 00:00:00','0000-00-00 00:00:00'),(6,'Livro de Matemática','Livro didático de matemática','Branco',100,3,'7891234567895','0000-00-00 00:00:00','0000-00-00 00:00:00'),(7,'Giz de Cera','Caixa com 12 cores','Multicor',400,4,'7891234567896','0000-00-00 00:00:00','0000-00-00 00:00:00'),(8,'Tinta Guache','Tinta guache 250ml','Multicor',300,4,'7891234567897','0000-00-00 00:00:00','0000-00-00 00:00:00'),(9,'Laptop','Laptop para uso escolar','Preto',50,5,'7891234567898','0000-00-00 00:00:00','0000-00-00 00:00:00'),(10,'Projetor','Projetor multimídia','Amarelo',20,5,'7891234567899','0000-00-00 00:00:00','0000-00-00 00:00:00'),(11,'Detergente','Detergente líquido 1L','Multicor',100,6,'7891234567800','0000-00-00 00:00:00','0000-00-00 00:00:00'),(12,'Vassoura','Vassoura de piaçava','Multicor',50,6,'7891234567801','0000-00-00 00:00:00','0000-00-00 00:00:00'),(13,'Extintor de Incêndio','Extintor de incêndio ABC 4kg','Multicor',10,7,'7891234567802','0000-00-00 00:00:00','0000-00-00 00:00:00'),(14,'Kit de Primeiros Socorros','Kit básico de primeiros socorros','Multicor',20,7,'7891234567803','0000-00-00 00:00:00','0000-00-00 00:00:00'),(15,'Mesa Escolar','Mesa escolar individual','Multicor',100,8,'7891234567804','0000-00-00 00:00:00','0000-00-00 00:00:00'),(16,'Cadeira Escolar','Cadeira escolar com braço','Multicor',200,8,'7891234567805','0000-00-00 00:00:00','0000-00-00 00:00:00'),(17,'Bola de Futebol','Bola de futebol tamanho 5','Multicor',60,9,'7891234567806','0000-00-00 00:00:00','0000-00-00 00:00:00'),(18,'Rede de Vôlei','Rede de vôlei oficial','Multicor',30,9,'7891234567807','0000-00-00 00:00:00','0000-00-00 00:00:00'),(19,'Violão','Violão acústico','Multicor',25,10,'7891234567808','0000-00-00 00:00:00','0000-00-00 00:00:00'),(20,'Flauta Doce','Flauta doce de plástico','Multicor',50,10,'7891234567809','0000-00-00 00:00:00','0000-00-00 00:00:00'),(21,'Microscópio','Microscópio biológico','Multicor',15,11,'7891234567810','0000-00-00 00:00:00','0000-00-00 00:00:00'),(22,'Lâminas para Microscópio','Caixa com 50 lâminas','Multicor',100,11,'7891234567811','0000-00-00 00:00:00','0000-00-00 00:00:00'),(23,'Copos Descartáveis','Copos descartáveis 200ml (pacote c/ 100)','Multicor',200,12,'7891234567812','0000-00-00 00:00:00','0000-00-00 00:00:00'),(24,'Pratos Descartáveis','Pratos descartáveis (pacote c/ 50)','Multicor',150,12,'7891234567813','0000-00-00 00:00:00','0000-00-00 00:00:00'),(25,'Pá de Jardim','Pá de jardinagem pequena','Multicor',75,13,'7891234567814','0000-00-00 00:00:00','0000-00-00 00:00:00'),(26,'Adubo Orgânico','Saco de adubo orgânico 5kg','Preto',50,13,'7891234567815','0000-00-00 00:00:00','0000-00-00 00:00:00'),(27,'SULFITE','RESMA COM 500 folhas','BRANCO',1,1,'7899999991239','2024-07-01 10:14:03','2024-07-01 10:14:03'),(28,'caneta','cx com 100 canetas','preta',1,1,'1899999991239','2024-07-01 10:37:32','2024-07-01 10:37:32'),(35,'apontador de lápis','cx com 100 apontadores','multicolor',1,1,'0000000003','2024-07-03 13:09:05','2024-07-03 13:09:05'),(36,'apontador de lápis','cx com 100 apontadores','multicolor',1,1,'0000000003','2024-07-03 13:09:05','2024-07-03 13:09:05'),(37,'lapiseira','pct 4 lapiseiras','multicolor',3,1,'0000000004','2024-07-03 13:09:05','2024-07-03 13:09:05'),(39,'CARTOLINA','PCT COM 10','VERDE',1,2,'123456789','2024-07-03 16:24:10','2024-07-03 16:24:10'),(40,'CARTOLINA','PCT COM 10','VERDE',1,2,'123456789','2024-07-03 16:24:10','2024-07-03 16:24:10'),(42,'VERGE','PCT COM 10','ROSA',3,2,'112233','2024-07-03 17:33:21','2024-07-03 17:33:21'),(43,'VERGE','PCT COM 10','ROSA',1,2,'112233','2024-07-03 17:33:21','2024-07-03 17:33:21'),(46,'CREPOM','pct com 50','ROSA',1,2,'1234','2024-07-04 17:25:59','2024-07-04 17:25:59'),(47,'CREPOM','pct com 50','ROSA',1,2,'1234','2024-07-04 17:25:59','2024-07-04 17:25:59'),(48,'envelope pardo','cx com 100','marrom',10,1,'1235','2024-07-04 17:25:59','2024-07-04 17:25:59'),(49,'Caneta Azul','Caneta esferográfica azul','Azul',500,1,'7891234567890','0000-00-00 00:00:00','0000-00-00 00:00:00'),(50,'Lápis HB','Lápis de grafite HB','Preto',1000,1,'7891234567891','0000-00-00 00:00:00','0000-00-00 00:00:00'),(51,'Borracha','Borracha branca','Branca',300,1,'7891234567892','0000-00-00 00:00:00','0000-00-00 00:00:00'),(52,'Caderno 10 Matérias','Caderno espiral 10 matérias','Branco',200,2,'7891234567893','0000-00-00 00:00:00','0000-00-00 00:00:00'),(53,'Agenda 2024','Agenda anual 2024','Branco',150,2,'7891234567894','0000-00-00 00:00:00','0000-00-00 00:00:00'),(54,'Livro de Matemática','Livro didático de matemática','Branco',100,3,'7891234567895','0000-00-00 00:00:00','0000-00-00 00:00:00'),(55,'Giz de Cera','Caixa com 12 cores','Multicor',400,4,'7891234567896','0000-00-00 00:00:00','0000-00-00 00:00:00'),(56,'Tinta Guache','Tinta guache 250ml','Multicor',300,4,'7891234567897','0000-00-00 00:00:00','0000-00-00 00:00:00'),(57,'Laptop','Laptop para uso escolar','Preto',50,5,'7891234567898','0000-00-00 00:00:00','0000-00-00 00:00:00'),(58,'Projetor','Projetor multimídia','Amarelo',20,5,'7891234567899','0000-00-00 00:00:00','0000-00-00 00:00:00'),(59,'Detergente','Detergente líquido 1L','Multicor',100,6,'7891234567800','0000-00-00 00:00:00','0000-00-00 00:00:00'),(60,'Vassoura','Vassoura de piaçava','Multicor',50,6,'7891234567801','0000-00-00 00:00:00','0000-00-00 00:00:00'),(61,'Extintor de Incêndio','Extintor de incêndio ABC 4kg','Multicor',10,7,'7891234567802','0000-00-00 00:00:00','0000-00-00 00:00:00'),(62,'Kit de Primeiros Socorros','Kit básico de primeiros socorros','Multicor',20,7,'7891234567803','0000-00-00 00:00:00','0000-00-00 00:00:00'),(63,'Mesa Escolar','Mesa escolar individual','Multicor',100,8,'7891234567804','0000-00-00 00:00:00','0000-00-00 00:00:00'),(64,'Cadeira Escolar','Cadeira escolar com braço','Multicor',200,8,'7891234567805','0000-00-00 00:00:00','0000-00-00 00:00:00'),(65,'Bola de Futebol','Bola de futebol tamanho 5','Multicor',60,9,'7891234567806','0000-00-00 00:00:00','0000-00-00 00:00:00'),(66,'Rede de Vôlei','Rede de vôlei oficial','Multicor',30,9,'7891234567807','0000-00-00 00:00:00','0000-00-00 00:00:00'),(67,'Violão','Violão acústico','Multicor',25,10,'7891234567808','0000-00-00 00:00:00','0000-00-00 00:00:00'),(68,'Flauta Doce','Flauta doce de plástico','Multicor',50,10,'7891234567809','0000-00-00 00:00:00','0000-00-00 00:00:00'),(69,'Microscópio','Microscópio biológico','Multicor',15,11,'7891234567810','0000-00-00 00:00:00','0000-00-00 00:00:00'),(70,'Lâminas para Microscópio','Caixa com 50 lâminas','Multicor',100,11,'7891234567811','0000-00-00 00:00:00','0000-00-00 00:00:00'),(71,'Copos Descartáveis','Copos descartáveis 200ml (pacote c/ 100)','Multicor',200,12,'7891234567812','0000-00-00 00:00:00','0000-00-00 00:00:00'),(72,'Pratos Descartáveis','Pratos descartáveis (pacote c/ 50)','Multicor',150,12,'7891234567813','0000-00-00 00:00:00','0000-00-00 00:00:00'),(73,'Pá de Jardim','Pá de jardinagem pequena','Multicor',75,13,'7891234567814','0000-00-00 00:00:00','0000-00-00 00:00:00'),(74,'Adubo Orgânico','Saco de adubo orgânico 5kg','Preto',50,13,'7891234567815','0000-00-00 00:00:00','0000-00-00 00:00:00');
/*!40000 ALTER TABLE `almoxarifados` ENABLE KEYS */;
UNLOCK TABLES;

--
-- Table structure for table `areaprodlimps`
--

DROP TABLE IF EXISTS `areaprodlimps`;
/*!40101 SET @saved_cs_client     = @@character_set_client */;
/*!40101 SET character_set_client = utf8 */;
CREATE TABLE `areaprodlimps` (
  `id` int(11) NOT NULL AUTO_INCREMENT,
  `idProduto` int(11) NOT NULL,
  `formaProd` varchar(255) NOT NULL,
  `dimLargura` decimal(8,2) DEFAULT NULL,
  `dimComprimento` decimal(8,2) DEFAULT NULL,
  `dimRaio` decimal(8,2) DEFAULT NULL,
  `createdAt` datetime NOT NULL,
  `updatedAt` datetime NOT NULL,
  PRIMARY KEY (`id`)
) ENGINE=InnoDB AUTO_INCREMENT=10 DEFAULT CHARSET=utf8mb4 COLLATE=utf8mb4_general_ci;
/*!40101 SET character_set_client = @saved_cs_client */;

--
-- Dumping data for table `areaprodlimps`
--

LOCK TABLES `areaprodlimps` WRITE;
/*!40000 ALTER TABLE `areaprodlimps` DISABLE KEYS */;
INSERT INTO `areaprodlimps` VALUES (1,27,'QUADRADO',6.40,2.00,0.00,'0000-00-00 00:00:00','0000-00-00 00:00:00'),(2,29,'QUADRADO',37.00,27.00,0.00,'0000-00-00 00:00:00','0000-00-00 00:00:00'),(3,30,'QUADRADO',37.00,27.00,0.00,'0000-00-00 00:00:00','0000-00-00 00:00:00'),(4,55,'QUADRADO',10.00,3000.00,0.00,'0000-00-00 00:00:00','0000-00-00 00:00:00'),(5,56,'QUADRADO',21.00,23.00,0.00,'0000-00-00 00:00:00','0000-00-00 00:00:00'),(6,57,'QUADRADO',21.00,23.00,0.00,'0000-00-00 00:00:00','0000-00-00 00:00:00'),(7,68,'QUADRADO',67.00,39.00,0.00,'0000-00-00 00:00:00','0000-00-00 00:00:00'),(8,79,'QUADRADO',70.00,40.00,0.00,'0000-00-00 00:00:00','0000-00-00 00:00:00'),(9,83,'QUADRADO',20.00,21.00,0.00,'0000-00-00 00:00:00','0000-00-00 00:00:00');
/*!40000 ALTER TABLE `areaprodlimps` ENABLE KEYS */;
UNLOCK TABLES;

--
-- Table structure for table `categorias`
--

DROP TABLE IF EXISTS `categorias`;
/*!40101 SET @saved_cs_client     = @@character_set_client */;
/*!40101 SET character_set_client = utf8 */;
CREATE TABLE `categorias` (
  `idCategoria` int(11) NOT NULL AUTO_INCREMENT,
  `categoria` varchar(255) NOT NULL,
  `createdAt` datetime NOT NULL,
  `updatedAt` datetime NOT NULL,
  PRIMARY KEY (`idCategoria`)
) ENGINE=InnoDB AUTO_INCREMENT=27 DEFAULT CHARSET=utf8mb4 COLLATE=utf8mb4_general_ci;
/*!40101 SET character_set_client = @saved_cs_client */;

--
-- Dumping data for table `categorias`
--

LOCK TABLES `categorias` WRITE;
/*!40000 ALTER TABLE `categorias` DISABLE KEYS */;
INSERT INTO `categorias` VALUES (1,'Material de Escritório','0000-00-00 00:00:00','0000-00-00 00:00:00'),(2,'Material Escolar','0000-00-00 00:00:00','0000-00-00 00:00:00'),(3,'Material Didático','0000-00-00 00:00:00','0000-00-00 00:00:00'),(4,'Material de Arte','0000-00-00 00:00:00','0000-00-00 00:00:00'),(5,'Equipamentos de Tecnologia','0000-00-00 00:00:00','0000-00-00 00:00:00'),(6,'Material de Limpeza','0000-00-00 00:00:00','0000-00-00 00:00:00'),(7,'Equipamentos de Segurança','0000-00-00 00:00:00','0000-00-00 00:00:00'),(8,'Móveis e Equipamentos','0000-00-00 00:00:00','0000-00-00 00:00:00'),(9,'Material de Educação Física','0000-00-00 00:00:00','0000-00-00 00:00:00'),(10,'Material de Música','0000-00-00 00:00:00','0000-00-00 00:00:00'),(11,'Material de Ciências','0000-00-00 00:00:00','0000-00-00 00:00:00'),(12,'Suprimentos de Refeição','0000-00-00 00:00:00','0000-00-00 00:00:00'),(13,'Material de Jardinagem','0000-00-00 00:00:00','0000-00-00 00:00:00'),(14,'Material de Escritório','0000-00-00 00:00:00','0000-00-00 00:00:00'),(15,'Material Escolar','0000-00-00 00:00:00','0000-00-00 00:00:00'),(16,'Material Didático','0000-00-00 00:00:00','0000-00-00 00:00:00'),(17,'Material de Arte','0000-00-00 00:00:00','0000-00-00 00:00:00'),(18,'Equipamentos de Tecnologia','0000-00-00 00:00:00','0000-00-00 00:00:00'),(19,'Material de Limpeza','0000-00-00 00:00:00','0000-00-00 00:00:00'),(20,'Equipamentos de Segurança','0000-00-00 00:00:00','0000-00-00 00:00:00'),(21,'Móveis e Equipamentos','0000-00-00 00:00:00','0000-00-00 00:00:00'),(22,'Material de Educação Física','0000-00-00 00:00:00','0000-00-00 00:00:00'),(23,'Material de Música','0000-00-00 00:00:00','0000-00-00 00:00:00'),(24,'Material de Ciências','0000-00-00 00:00:00','0000-00-00 00:00:00'),(25,'Suprimentos de Refeição','0000-00-00 00:00:00','0000-00-00 00:00:00'),(26,'Material de Jardinagem','0000-00-00 00:00:00','0000-00-00 00:00:00');
/*!40000 ALTER TABLE `categorias` ENABLE KEYS */;
UNLOCK TABLES;

--
-- Table structure for table `categoriasprodlimps`
--

DROP TABLE IF EXISTS `categoriasprodlimps`;
/*!40101 SET @saved_cs_client     = @@character_set_client */;
/*!40101 SET character_set_client = utf8 */;
CREATE TABLE `categoriasprodlimps` (
  `idCategoria` int(11) NOT NULL AUTO_INCREMENT,
  `categoria` varchar(255) NOT NULL,
  `createdAt` datetime NOT NULL,
  `updatedAt` datetime NOT NULL,
  PRIMARY KEY (`idCategoria`)
) ENGINE=InnoDB AUTO_INCREMENT=14 DEFAULT CHARSET=utf8mb4 COLLATE=utf8mb4_general_ci;
/*!40101 SET character_set_client = @saved_cs_client */;

--
-- Dumping data for table `categoriasprodlimps`
--

LOCK TABLES `categoriasprodlimps` WRITE;
/*!40000 ALTER TABLE `categoriasprodlimps` DISABLE KEYS */;
INSERT INTO `categoriasprodlimps` VALUES (1,'Material de Limpeza','0000-00-00 00:00:00','0000-00-00 00:00:00'),(2,'Produto de Limpeza','0000-00-00 00:00:00','0000-00-00 00:00:00'),(3,'EPI','0000-00-00 00:00:00','0000-00-00 00:00:00'),(4,'Produto de Higiêne','0000-00-00 00:00:00','0000-00-00 00:00:00'),(5,'Material de Construção','0000-00-00 00:00:00','0000-00-00 00:00:00'),(6,'Ferramentas','0000-00-00 00:00:00','0000-00-00 00:00:00'),(7,'Material de Jardinagem','0000-00-00 00:00:00','0000-00-00 00:00:00');
/*!40000 ALTER TABLE `categoriasprodlimps` ENABLE KEYS */;
UNLOCK TABLES;

--
-- Table structure for table `estoquelimpezas`
--

DROP TABLE IF EXISTS `estoquelimpezas`;
/*!40101 SET @saved_cs_client     = @@character_set_client */;
/*!40101 SET character_set_client = utf8 */;
CREATE TABLE `estoquelimpezas` (
  `idProduto` int(11) NOT NULL AUTO_INCREMENT,
  `nomeProduto` varchar(255) NOT NULL,
  `descricaoProduto` varchar(255) NOT NULL,
  `corProduto` varchar(255) NOT NULL,
  `qtdEstoque` int(11) NOT NULL,
  `categoriaProd` int(11) NOT NULL,
  `codBarraProd` varchar(255) NOT NULL,
  `marcaProd` varchar(255) NOT NULL,
  `validadeProd` datetime NOT NULL,
  `tipoProd` varchar(255) NOT NULL,
  `situacaoProd` varchar(255) NOT NULL,
  `createdAt` datetime NOT NULL,
  `updatedAt` datetime NOT NULL,
  PRIMARY KEY (`idProduto`),
  KEY `categoriaProd` (`categoriaProd`),
  CONSTRAINT `estoquelimpezas_ibfk_1` FOREIGN KEY (`categoriaProd`) REFERENCES `categoriasprodlimps` (`idCategoria`) ON DELETE NO ACTION ON UPDATE CASCADE
) ENGINE=InnoDB AUTO_INCREMENT=91 DEFAULT CHARSET=utf8mb4 COLLATE=utf8mb4_general_ci;
/*!40101 SET character_set_client = @saved_cs_client */;

--
-- Dumping data for table `estoquelimpezas`
--

LOCK TABLES `estoquelimpezas` WRITE;
/*!40000 ALTER TABLE `estoquelimpezas` DISABLE KEYS */;
INSERT INTO `estoquelimpezas` VALUES (1,'ALCOOL','ALCOOL BACTERICIDA 70','TRANSPARENTE',15,2,'7898255676773','AUDAX FACILITA','0000-00-00 00:00:00','3','FECHADO','0000-00-00 00:00:00','0000-00-00 00:00:00'),(2,'ALCOOL','ALCOOL BACTERICIDA 70','TRANSPARENTE',25,2,'7898255676773','AUDAX FACILITA','0000-00-00 00:00:00','3','FECHADO','0000-00-00 00:00:00','0000-00-00 00:00:00'),(3,'ALCOOL','ALCOOL HIDRATADO 70','TRANSPARENTE',17,2,'7899449498331','BARBAREX','2025-06-01 00:00:00','3','FECHADO','0000-00-00 00:00:00','0000-00-00 00:00:00'),(4,'AVENTAL','AVENTAL PVC','TRANSPARENTE',1,3,'201649202407181','AVENTAL','0000-00-00 00:00:00','5','FECHADO','0000-00-00 00:00:00','0000-00-00 00:00:00'),(5,'BOTA','BOTA DE PVC CANO CURTO','BRANCO',2,3,'201649202407182','WORKFLEX','0000-00-00 00:00:00','5','FECHADO','0000-00-00 00:00:00','0000-00-00 00:00:00'),(6,'BOTA','BOTA DE PVC CANO CURTO','BRANCO',1,3,'7899310784969','FUJIWARA','0000-00-00 00:00:00','5','FECHADO','0000-00-00 00:00:00','0000-00-00 00:00:00'),(7,'BOTINA','BOTINA DE PLASTICO DORSO ACOLCHOADO','PRETO',1,3,'217253020019','F-SEG','0000-00-00 00:00:00','5','FECHADO','0000-00-00 00:00:00','0000-00-00 00:00:00'),(8,'CABO','CABO DE MADEIRA P/ PÁ DE LIXO','VERMELHO',3,1,'201649202407183','CABO DE MADEIRA','0000-00-00 00:00:00','2','FECHADO','0000-00-00 00:00:00','0000-00-00 00:00:00'),(9,'CABO','CABO DE MADEIRA P/ VASSOURA','VERDE',9,1,'201649202407184','CABO DE MADEIRA','0000-00-00 00:00:00','2','FECHADO','0000-00-00 00:00:00','0000-00-00 00:00:00'),(10,'CABO','CABO DE MADEIRA P/ VASSOURA','MULTICOR',3,1,'201649202407184','CABO DE MADEIRA','0000-00-00 00:00:00','2','FECHADO','0000-00-00 00:00:00','0000-00-00 00:00:00'),(11,'CABO','CABO DE METAL P/ RODO','VERMELHO',5,1,'201649202407184','CONDOR','0000-00-00 00:00:00','2','FECHADO','0000-00-00 00:00:00','0000-00-00 00:00:00'),(12,'CERA','CERA PERFUMADA INCOLOR','INCOLOR',6,2,'7896527700096','ROUXINOL','2024-08-10 00:00:00','3','FECHADO','0000-00-00 00:00:00','0000-00-00 00:00:00'),(13,'CERA','CERA PERFUMADA INCOLOR','INCOLOR',32,2,'7896527700096','ROUXINOL','2025-03-22 00:00:00','3','FECHADO','0000-00-00 00:00:00','0000-00-00 00:00:00'),(14,'CERA','CERA PERFUMADA INCOLOR','INCOLOR',4,2,'7896527700096','ROUXINOL','2024-02-18 00:00:00','3','FECHADO','0000-00-00 00:00:00','0000-00-00 00:00:00'),(15,'ÁGUA SANITÁRIA','CLORO ATIVO','TRANSPARENTE',7,2,'7898462401137','BIO-KISS','2024-07-01 00:00:00','3','FECHADO','0000-00-00 00:00:00','0000-00-00 00:00:00'),(16,'DESINFETANTE','DESINFETANTE ALGAS','VERDE',9,2,'789846240243','BIO-KISS','2025-09-01 00:00:00','3','FECHADO','0000-00-00 00:00:00','0000-00-00 00:00:00'),(17,'DESINFETANTE','DESINFETANTE JASMIN','ROSA',1,2,'7898462402301','BIO-KISS','2024-03-01 00:00:00','3','FECHADO','0000-00-00 00:00:00','0000-00-00 00:00:00'),(18,'DESINFETANTE','DESINFETANTE LAVANDA','LAVANDA',19,2,'7896090300211','CONDE','2024-06-02 00:00:00','3','FECHADO','0000-00-00 00:00:00','0000-00-00 00:00:00'),(19,'DESINFETANTE','DESINFETANTE LAVANDA','LAVANDA',3,2,'7896090300211','CONDE','2024-07-12 00:00:00','3','FECHADO','0000-00-00 00:00:00','0000-00-00 00:00:00'),(20,'DESINFETANTE','DESINFETANTE LAVANDA','LAVANDA',6,2,'7896524705100','SUPREMA','2024-10-13 00:00:00','3','FECHADO','0000-00-00 00:00:00','0000-00-00 00:00:00'),(21,'DESINFETANTE','DESINFETANTE LAVANDA','LAVANDA',3,2,'7896524705353','SUPREMA','2025-04-24 00:00:00','3','FECHADO','0000-00-00 00:00:00','0000-00-00 00:00:00'),(22,'DESINFETANTE','DESINFETANTE LAVANDA','LAVANDA',1,2,'7896524705353','SUPREMA','2024-10-14 00:00:00','3','FECHADO','0000-00-00 00:00:00','0000-00-00 00:00:00'),(23,'DESINFETANTE','DESINFETANTE TALCO','AZUL',16,2,'7898462402448','BIO-KISS','2026-04-01 00:00:00','3','FECHADO','0000-00-00 00:00:00','0000-00-00 00:00:00'),(24,'DESINFETANTE','DESINFETANTE VIOLEX','ROXO',9,2,'7898462402561','BIO-KISS','2026-03-01 00:00:00','3','FECHADO','0000-00-00 00:00:00','0000-00-00 00:00:00'),(25,'DISPENSER','DISPENSER PLASTICO P/ PAPEL TOALHA','BRANCO',1,1,'7899682766563','NOBRE','0000-00-00 00:00:00','2','FECHADO','0000-00-00 00:00:00','0000-00-00 00:00:00'),(26,'ESPONJA DE LÃ DE AÇO','ESPONJA DE LÃ DE AÇO','CINZA',6,1,'7896090100101','ASSOLAN','2027-01-01 00:00:00','4','FECHADO','0000-00-00 00:00:00','0000-00-00 00:00:00'),(27,'ESPONJA','ESPONJA MULTIUSO','VERDE',33,1,'7896001044517','JEITOSA','0000-00-00 00:00:00','1','FECHADO','0000-00-00 00:00:00','0000-00-00 00:00:00'),(28,'EXTENSOR','EXTENSOR TELESCÓPICO P/ PINTURA','VERDE',1,1,'7898602575858','DURÍN','0000-00-00 00:00:00','2','FECHADO','0000-00-00 00:00:00','0000-00-00 00:00:00'),(29,'FLANELA','FLANELA','LARANJA',9,1,'7898947870045','CAEBI','0000-00-00 00:00:00','1','FECHADO','0000-00-00 00:00:00','0000-00-00 00:00:00'),(30,'FLANELA','FLANELA','LARANJA',26,1,'7898990702294','NEVES','0000-00-00 00:00:00','1','FECHADO','0000-00-00 00:00:00','0000-00-00 00:00:00'),(31,'GEL DENTAL','GEL DENTAL INFANTIL','BRANCA',2,4,'7898185413943','DOCTOR DUCK','2026-03-01 00:00:00','4','FECHADO','0000-00-00 00:00:00','0000-00-00 00:00:00'),(32,'LIMPA VIDRO','LIMPA VIDRO','TRANSPARENTE',3,2,'7897380300676','FACILIT','2026-10-01 00:00:00','3','FECHADO','0000-00-00 00:00:00','0000-00-00 00:00:00'),(33,'LIMPA VIDRO','LIMPA VIDRO','TRANSPARENTE',2,2,'7898005490444','AGI FACÍL','2023-05-05 00:00:00','3','FECHADO','0000-00-00 00:00:00','0000-00-00 00:00:00'),(34,'LIMPA VIDRO','LIMPA VIDRO','TRANSPARENTE',1,2,'7898086420729','ECOAR','0000-00-00 00:00:00','3','FECHADO','0000-00-00 00:00:00','0000-00-00 00:00:00'),(35,'LIXEIRA ','LIXEIRA ','PRETO',1,1,'7898264711809','LIXEIRA','0000-00-00 00:00:00','2','FECHADO','0000-00-00 00:00:00','0000-00-00 00:00:00'),(36,'LIXEIRA','LIXEIRA BASCULANTE','PRETO',1,1,'7896042034850','ECOBLACK','0000-00-00 00:00:00','2','FECHADO','0000-00-00 00:00:00','0000-00-00 00:00:00'),(37,'LIXEIRA','LIXEIRA DE PIA','PRETO',4,1,'7896042034843','ECOBLACK','0000-00-00 00:00:00','2','FECHADO','0000-00-00 00:00:00','0000-00-00 00:00:00'),(38,'LUVAS','LUVA BICOLOR C/ FORRO','AZUL',1,3,'7898207216217','VOLK','2023-06-01 00:00:00','5','FECHADO','0000-00-00 00:00:00','0000-00-00 00:00:00'),(39,'LUVAS','LUVA MULTIUSO SLIM','AMARELA',1,3,'7898619330587','VOLK','2029-10-01 00:00:00','5','FECHADO','0000-00-00 00:00:00','0000-00-00 00:00:00'),(40,'LUVAS','LUVAS DE LATEX','AMARELA',2,3,'7898703420507','INOVAN','2027-07-01 00:00:00','5','FECHADO','0000-00-00 00:00:00','0000-00-00 00:00:00'),(41,'LUVAS','LUVAS DE LATEX','AMARELA',5,3,'7898703420514','INOVAN','2027-07-01 00:00:00','5','FECHADO','0000-00-00 00:00:00','0000-00-00 00:00:00'),(42,'LUVAS','LUVAS DE LATEX','AMARELA',12,3,'7898703420514','INOVAN','2027-08-01 00:00:00','5','FECHADO','0000-00-00 00:00:00','0000-00-00 00:00:00'),(43,'LUVAS','LUVAS DE LATEX','AMARELA',11,3,'7898703420521','INOVAN','2027-07-01 00:00:00','5','FECHADO','0000-00-00 00:00:00','0000-00-00 00:00:00'),(44,'LUVAS','LUVAS MULTIUSO','AMARELA',2,3,'7898947170732','MB LIFE','2025-11-01 00:00:00','5','FECHADO','0000-00-00 00:00:00','0000-00-00 00:00:00'),(45,'LUVAS','LUVAS MULTIUSO','AMARELA',1,3,'7898947170756','MB LIFE','2025-11-01 00:00:00','5','FECHADO','0000-00-00 00:00:00','0000-00-00 00:00:00'),(46,'MÁSCARA','MASCARA CIRURGICA CX C/ 50 UNIDADES','BRANCA',4,3,'7898946757637','TALGE','2027-01-01 00:00:00','5','FECHADO','0000-00-00 00:00:00','0000-00-00 00:00:00'),(47,'PÁ','PÁ DE LIXO C/ CABO','MULTICOR',1,1,'201649202407185','PÁ','0000-00-00 00:00:00','2','FECHADO','0000-00-00 00:00:00','0000-00-00 00:00:00'),(48,'PÁ','PÁ DE LIXO C/ CABO','MULTICOR',2,1,'201649202407185','PÁ','0000-00-00 00:00:00','2','FECHADO','0000-00-00 00:00:00','0000-00-00 00:00:00'),(49,'PÁ','PÁ DE LIXO C/ CABO','MULTICOR',1,1,'201649202407185','PÁ','0000-00-00 00:00:00','2','FECHADO','0000-00-00 00:00:00','0000-00-00 00:00:00'),(50,'PÁ','PÁ DE LIXO C/ CABO','MULTICOR',1,1,'201649202407185','PÁ','0000-00-00 00:00:00','2','FECHADO','0000-00-00 00:00:00','0000-00-00 00:00:00'),(51,'PÁ','PÁ DE LIXO C/ CABO','MULTICOR',2,1,'201649202407185','PÁ','0000-00-00 00:00:00','2','FECHADO','0000-00-00 00:00:00','0000-00-00 00:00:00'),(52,'PÁ','PÁ DE LIXO DE MÃO','MULTICOR',1,1,'201649202407186','PÁ','0000-00-00 00:00:00','2','FECHADO','0000-00-00 00:00:00','0000-00-00 00:00:00'),(53,'PÁ','PÁ DE LIXO S/ CABO','PRETO',3,1,'201649202407187','PÁ','0000-00-00 00:00:00','2','FECHADO','0000-00-00 00:00:00','0000-00-00 00:00:00'),(54,'PÁ','PÁ DE LIXO S/ CABO','PRETO',3,1,'7897788813112','PÁ','0000-00-00 00:00:00','2','FECHADO','0000-00-00 00:00:00','0000-00-00 00:00:00'),(55,'PAPEL HIGIÊNICO','PAPEL HIGIÊNICO PCT C/ 12 UNIDADES','BRANCO',3,4,'7899853806012','QUALITÉ CAMPIONE','0000-00-00 00:00:00','1','FECHADO','0000-00-00 00:00:00','0000-00-00 00:00:00'),(56,'PAPEL TOALHA','PAPEL TOALHA BRANCO EXTRA LUXO INTERFOLHAS','BRANCO',12,4,'7898190094366','SNOP PAPÉIS','0000-00-00 00:00:00','1','FECHADO','0000-00-00 00:00:00','0000-00-00 00:00:00'),(57,'PAPEL TOALHA','PAPEL TOALHA BRANCO EXTRA LUXO INTERFOLHAS PCT C/ 1000 TOALHAS','BRANCO',7,4,'7898190094366','SNOP PAPÉIS','0000-00-00 00:00:00','1','FECHADO','0000-00-00 00:00:00','0000-00-00 00:00:00'),(58,'PEDRA SANITÁRIA','PEDRA SANITARIA FLORAL','ROSA',3,2,'7898065730061','SANY MIX','2025-09-01 00:00:00','4','FECHADO','0000-00-00 00:00:00','0000-00-00 00:00:00'),(59,'PEDRA SANITÁRIA','PEDRA SANITARIA LAVANDA','LAVANDA',4,2,'7898065730085','SANY MIX','2025-05-01 00:00:00','4','FECHADO','0000-00-00 00:00:00','0000-00-00 00:00:00'),(60,'PEDRA SANITÁRIA','PEDRA SANITARIA LAVANDA','LAVANDA',7,2,'7898065730085','SANY MIX','2025-09-01 00:00:00','4','FECHADO','0000-00-00 00:00:00','0000-00-00 00:00:00'),(61,'PROTETOR FACIAL','PROTETOR FACIAL FACE SHIELD','TRANSPARENTE',10,3,'7898294970009','RDJ','0000-00-00 00:00:00','5','FECHADO','0000-00-00 00:00:00','0000-00-00 00:00:00'),(62,'RODO','RODO C/ CABO','PRETO',4,1,'201649202407188','PUXA SECA','0000-00-00 00:00:00','2','FECHADO','0000-00-00 00:00:00','0000-00-00 00:00:00'),(63,'RODO','RODO RODO S/ CABO R-40','MULTICOR',7,1,'7897788815116','PUXA SECA','0000-00-00 00:00:00','2','FECHADO','0000-00-00 00:00:00','0000-00-00 00:00:00'),(64,'RODO','RODO RODO S/ CABO R-40','VERMELHO',3,1,'7897788822039','PUXA SECA','0000-00-00 00:00:00','2','FECHADO','0000-00-00 00:00:00','0000-00-00 00:00:00'),(65,'SABONETE','SABONETE LÍQUIDO','VERDE',1,2,'7899449497686','BIO-KISS','2026-07-01 00:00:00','3','FECHADO','0000-00-00 00:00:00','0000-00-00 00:00:00'),(66,'SABONETEIRA','SABONETEIRA C/ RESERVATORIO','BRANCO',3,1,'7898373170436','TRILHA','0000-00-00 00:00:00','2','FECHADO','0000-00-00 00:00:00','0000-00-00 00:00:00'),(67,'SABONETEIRA','SABONETEIRA C/ RESERVATÓRIO GIMBA','BRANCO',2,1,'201649202407189','GIMBA','0000-00-00 00:00:00','2','FECHADO','0000-00-00 00:00:00','0000-00-00 00:00:00'),(68,'SACO PANO DE CHÃO ALVEJADO','SACO ALVEJADO PANO DE CHÃO','BRANCO',3,1,'7898037540018','SACARIA THOMAZ','0000-00-00 00:00:00','1','FECHADO','0000-00-00 00:00:00','0000-00-00 00:00:00'),(69,'SACO DE LIXO','SACO DE LIXO 100 LITROS','PRETO',1,1,'2016492024071810','SACO DE LIXO','0000-00-00 00:00:00','3','FECHADO','0000-00-00 00:00:00','0000-00-00 00:00:00'),(70,'SACO DE LIXO','SACO DE LIXO 100 LITROS','PRETO',1,1,'2016492024071810','SACO DE LIXO','0000-00-00 00:00:00','3','FECHADO','0000-00-00 00:00:00','0000-00-00 00:00:00'),(71,'SACO DE LIXO','SACO DE LIXO 15 LITROS','PRETO',2,1,'2016492024071811','ALTABOR','0000-00-00 00:00:00','3','FECHADO','0000-00-00 00:00:00','0000-00-00 00:00:00'),(72,'SACO DE LIXO','SACO DE LIXO 15 LITROS','PRETO',4,1,'2016492024071811','SACO DE LIXO','0000-00-00 00:00:00','3','FECHADO','0000-00-00 00:00:00','0000-00-00 00:00:00'),(73,'SACO DE LIXO','SACO DE LIXO 200 LITROS','PRETO',6,1,'2016492024071812','SACO DE LIXO','0000-00-00 00:00:00','3','FECHADO','0000-00-00 00:00:00','0000-00-00 00:00:00'),(74,'SACO DE LIXO','SACO DE LIXO 30 LITROS','PRETO',1,1,'2016492024071813','ALTABOR','0000-00-00 00:00:00','3','FECHADO','0000-00-00 00:00:00','0000-00-00 00:00:00'),(75,'SACO DE LIXO','SACO DE LIXO 30 LITROS','PRETO',15,1,'2016492024071813','SACO DE LIXO','0000-00-00 00:00:00','3','FECHADO','0000-00-00 00:00:00','0000-00-00 00:00:00'),(76,'SACO DE LIXO','SACO DE LIXO 30 LITROS','PRETO',2,1,'2016492024071813','SACO DE LIXO','0000-00-00 00:00:00','3','FECHADO','0000-00-00 00:00:00','0000-00-00 00:00:00'),(77,'SACO DE LIXO','SACO DE LIXO 50 LITROS','PRETO',2,1,'2016492024071814','ALTABOR','0000-00-00 00:00:00','3','FECHADO','0000-00-00 00:00:00','0000-00-00 00:00:00'),(78,'SACO DE LIXO','SACO DE LIXO 50 LITROS','PRETO',8,1,'2016492024071814','SACO DE LIXO','0000-00-00 00:00:00','3','FECHADO','0000-00-00 00:00:00','0000-00-00 00:00:00'),(79,'SACO PANO DE CHÃO','SACO PANO DE CHÃO','BRANCO',8,1,'7898990702225','NEVES','0000-00-00 00:00:00','1','FECHADO','0000-00-00 00:00:00','0000-00-00 00:00:00'),(80,'SUPORTE PLASTICO','SUPORTE PLASTICO P/ PAPEL','BRANCO',1,1,'7898509282224','SUPER PRO','0000-00-00 00:00:00','2','FECHADO','0000-00-00 00:00:00','0000-00-00 00:00:00'),(81,'TAPETE HIGIENIZADOR ','TAPETE HIGIENIZADOR','BRANCO',4,1,'2016492024071815','AGRAPLAST','0000-00-00 00:00:00','2','FECHADO','0000-00-00 00:00:00','0000-00-00 00:00:00'),(82,'TAPETE HIGIENIZADOR ','TAPETE HIGIENIZADOR','BRANCO',4,1,'2016492024071815','AGRAPLAST','0000-00-00 00:00:00','2','FECHADO','0000-00-00 00:00:00','0000-00-00 00:00:00'),(83,'TOALHAS DE PAPEL','TOALHAS DE PAPEL PCT C/ 1000 FOLHAS','BRANCO',10,1,'7897217201275','SHARK','0000-00-00 00:00:00','1','FECHADO','0000-00-00 00:00:00','0000-00-00 00:00:00'),(84,'VASSOURA','VARROURA S/ CABO','PRETO',1,1,'2016492024071816','VASSOURA','0000-00-00 00:00:00','2','FECHADO','0000-00-00 00:00:00','0000-00-00 00:00:00'),(85,'VASSOURA','VASSOURA C/ CABO','MULTICOR',6,1,'2016492024071817','VASSOURA','0000-00-00 00:00:00','2','FECHADO','0000-00-00 00:00:00','0000-00-00 00:00:00'),(86,'VASSOURA','VASSOURA C/ CABO','MULTICOR',1,1,'2016492024071817','VASSOURA','0000-00-00 00:00:00','2','FECHADO','0000-00-00 00:00:00','0000-00-00 00:00:00'),(87,'VASSOURA','VASSOURA S/ CABO','MULTICOR',9,1,'2016492024071816','VASSOURA','0000-00-00 00:00:00','2','FECHADO','0000-00-00 00:00:00','0000-00-00 00:00:00'),(88,'VASSOURA','VASSOURA S/ CABO CONDOR','VERMELHO',1,1,'7891055020081','CONDOR','0000-00-00 00:00:00','2','FECHADO','0000-00-00 00:00:00','0000-00-00 00:00:00'),(89,'VASSOURÃO ','VASSOURÃO S/ CABO','MARROM',1,1,'2016492024071818','VASSOURÃO','0000-00-00 00:00:00','2','FECHADO','0000-00-00 00:00:00','0000-00-00 00:00:00');
/*!40000 ALTER TABLE `estoquelimpezas` ENABLE KEYS */;
UNLOCK TABLES;

--
-- Table structure for table `litroprodlimps`
--

DROP TABLE IF EXISTS `litroprodlimps`;
/*!40101 SET @saved_cs_client     = @@character_set_client */;
/*!40101 SET character_set_client = utf8 */;
CREATE TABLE `litroprodlimps` (
  `id` int(11) NOT NULL AUTO_INCREMENT,
  `idProduto` int(11) NOT NULL,
  `litros` decimal(8,2) NOT NULL,
  `createdAt` datetime NOT NULL,
  `updatedAt` datetime NOT NULL,
  PRIMARY KEY (`id`)
) ENGINE=InnoDB AUTO_INCREMENT=31 DEFAULT CHARSET=utf8mb4 COLLATE=utf8mb4_general_ci;
/*!40101 SET character_set_client = @saved_cs_client */;

--
-- Dumping data for table `litroprodlimps`
--

LOCK TABLES `litroprodlimps` WRITE;
/*!40000 ALTER TABLE `litroprodlimps` DISABLE KEYS */;
INSERT INTO `litroprodlimps` VALUES (1,1,1000.00,'0000-00-00 00:00:00','0000-00-00 00:00:00'),(2,2,1000.00,'0000-00-00 00:00:00','0000-00-00 00:00:00'),(3,3,1000.00,'0000-00-00 00:00:00','0000-00-00 00:00:00'),(4,12,750.00,'0000-00-00 00:00:00','0000-00-00 00:00:00'),(5,13,750.00,'0000-00-00 00:00:00','0000-00-00 00:00:00'),(6,14,750.00,'0000-00-00 00:00:00','0000-00-00 00:00:00'),(7,15,2000.00,'0000-00-00 00:00:00','0000-00-00 00:00:00'),(8,16,2000.00,'0000-00-00 00:00:00','0000-00-00 00:00:00'),(9,17,2000.00,'0000-00-00 00:00:00','0000-00-00 00:00:00'),(10,18,2000.00,'0000-00-00 00:00:00','0000-00-00 00:00:00'),(11,19,2000.00,'0000-00-00 00:00:00','0000-00-00 00:00:00'),(12,20,5000.00,'0000-00-00 00:00:00','0000-00-00 00:00:00'),(13,21,2000.00,'0000-00-00 00:00:00','0000-00-00 00:00:00'),(14,22,2000.00,'0000-00-00 00:00:00','0000-00-00 00:00:00'),(15,23,2000.00,'0000-00-00 00:00:00','0000-00-00 00:00:00'),(16,24,2000.00,'0000-00-00 00:00:00','0000-00-00 00:00:00'),(17,32,500.00,'0000-00-00 00:00:00','0000-00-00 00:00:00'),(18,33,500.00,'0000-00-00 00:00:00','0000-00-00 00:00:00'),(19,34,500.00,'0000-00-00 00:00:00','0000-00-00 00:00:00'),(20,65,5000.00,'0000-00-00 00:00:00','0000-00-00 00:00:00'),(21,69,100000.00,'0000-00-00 00:00:00','0000-00-00 00:00:00'),(22,70,100000.00,'0000-00-00 00:00:00','0000-00-00 00:00:00'),(23,71,15000.00,'0000-00-00 00:00:00','0000-00-00 00:00:00'),(24,72,15000.00,'0000-00-00 00:00:00','0000-00-00 00:00:00'),(25,73,200000.00,'0000-00-00 00:00:00','0000-00-00 00:00:00'),(26,74,30000.00,'0000-00-00 00:00:00','0000-00-00 00:00:00'),(27,75,30000.00,'0000-00-00 00:00:00','0000-00-00 00:00:00'),(28,76,30000.00,'0000-00-00 00:00:00','0000-00-00 00:00:00'),(29,77,50000.00,'0000-00-00 00:00:00','0000-00-00 00:00:00'),(30,78,50000.00,'0000-00-00 00:00:00','0000-00-00 00:00:00');
/*!40000 ALTER TABLE `litroprodlimps` ENABLE KEYS */;
UNLOCK TABLES;

--
-- Table structure for table `localizacaolimpezas`
--

DROP TABLE IF EXISTS `localizacaolimpezas`;
/*!40101 SET @saved_cs_client     = @@character_set_client */;
/*!40101 SET character_set_client = utf8 */;
CREATE TABLE `localizacaolimpezas` (
  `idLocal` int(11) NOT NULL AUTO_INCREMENT,
  `armario` int(11) NOT NULL,
  `prateleira` int(11) NOT NULL,
  `idProdutoGuardado` int(11) NOT NULL,
  `qtdPrdoGuardado` int(11) NOT NULL,
  `localArmario` varchar(255) NOT NULL,
  `createdAt` datetime NOT NULL,
  `updatedAt` datetime NOT NULL,
  PRIMARY KEY (`idLocal`),
  KEY `idProdutoGuardado` (`idProdutoGuardado`),
  CONSTRAINT `localizacaolimpezas_ibfk_1` FOREIGN KEY (`idProdutoGuardado`) REFERENCES `estoquelimpezas` (`idProduto`) ON DELETE CASCADE ON UPDATE CASCADE
) ENGINE=InnoDB AUTO_INCREMENT=179 DEFAULT CHARSET=utf8mb4 COLLATE=utf8mb4_general_ci;
/*!40101 SET character_set_client = @saved_cs_client */;

--
-- Dumping data for table `localizacaolimpezas`
--

LOCK TABLES `localizacaolimpezas` WRITE;
/*!40000 ALTER TABLE `localizacaolimpezas` DISABLE KEYS */;
INSERT INTO `localizacaolimpezas` VALUES (1,3,3,1,15,'ALMOXARIFADO LIMPEZA','0000-00-00 00:00:00','0000-00-00 00:00:00'),(2,4,4,2,25,'ALMOXARIFADO LIMPEZA','0000-00-00 00:00:00','0000-00-00 00:00:00'),(3,3,3,3,17,'ALMOXARIFADO LIMPEZA','0000-00-00 00:00:00','0000-00-00 00:00:00'),(4,3,6,4,1,'ALMOXARIFADO LIMPEZA','0000-00-00 00:00:00','0000-00-00 00:00:00'),(5,3,6,5,2,'ALMOXARIFADO LIMPEZA','0000-00-00 00:00:00','0000-00-00 00:00:00'),(6,3,6,6,1,'ALMOXARIFADO LIMPEZA','0000-00-00 00:00:00','0000-00-00 00:00:00'),(7,3,6,7,1,'ALMOXARIFADO LIMPEZA','0000-00-00 00:00:00','0000-00-00 00:00:00'),(8,6,1,8,3,'ALMOXARIFADO LIMPEZA','0000-00-00 00:00:00','0000-00-00 00:00:00'),(9,6,1,9,9,'ALMOXARIFADO LIMPEZA','0000-00-00 00:00:00','0000-00-00 00:00:00'),(10,6,1,10,3,'ALMOXARIFADO LIMPEZA','0000-00-00 00:00:00','0000-00-00 00:00:00'),(11,6,1,11,5,'ALMOXARIFADO LIMPEZA','0000-00-00 00:00:00','0000-00-00 00:00:00'),(12,3,5,12,6,'ALMOXARIFADO LIMPEZA','0000-00-00 00:00:00','0000-00-00 00:00:00'),(13,3,5,13,32,'ALMOXARIFADO LIMPEZA','0000-00-00 00:00:00','0000-00-00 00:00:00'),(14,3,5,14,4,'ALMOXARIFADO LIMPEZA','0000-00-00 00:00:00','0000-00-00 00:00:00'),(15,1,5,15,7,'ALMOXARIFADO LIMPEZA','0000-00-00 00:00:00','0000-00-00 00:00:00'),(16,1,4,16,9,'ALMOXARIFADO LIMPEZA','0000-00-00 00:00:00','0000-00-00 00:00:00'),(17,1,3,17,1,'ALMOXARIFADO LIMPEZA','0000-00-00 00:00:00','0000-00-00 00:00:00'),(18,1,2,18,19,'ALMOXARIFADO LIMPEZA','0000-00-00 00:00:00','0000-00-00 00:00:00'),(19,1,2,19,3,'ALMOXARIFADO LIMPEZA','0000-00-00 00:00:00','0000-00-00 00:00:00'),(20,1,5,20,6,'ALMOXARIFADO LIMPEZA','0000-00-00 00:00:00','0000-00-00 00:00:00'),(21,1,3,21,3,'ALMOXARIFADO LIMPEZA','0000-00-00 00:00:00','0000-00-00 00:00:00'),(22,1,3,22,1,'ALMOXARIFADO LIMPEZA','0000-00-00 00:00:00','0000-00-00 00:00:00'),(23,1,3,23,16,'ALMOXARIFADO LIMPEZA','0000-00-00 00:00:00','0000-00-00 00:00:00'),(24,1,4,24,9,'ALMOXARIFADO LIMPEZA','0000-00-00 00:00:00','0000-00-00 00:00:00'),(25,3,6,25,1,'ALMOXARIFADO LIMPEZA','0000-00-00 00:00:00','0000-00-00 00:00:00'),(26,2,3,26,6,'ALMOXARIFADO LIMPEZA','0000-00-00 00:00:00','0000-00-00 00:00:00'),(27,2,3,27,33,'ALMOXARIFADO LIMPEZA','0000-00-00 00:00:00','0000-00-00 00:00:00'),(28,6,1,28,1,'ALMOXARIFADO LIMPEZA','0000-00-00 00:00:00','0000-00-00 00:00:00'),(29,2,2,29,9,'ALMOXARIFADO LIMPEZA','0000-00-00 00:00:00','0000-00-00 00:00:00'),(30,2,2,30,26,'ALMOXARIFADO LIMPEZA','0000-00-00 00:00:00','0000-00-00 00:00:00'),(31,2,4,31,2,'ALMOXARIFADO LIMPEZA','0000-00-00 00:00:00','0000-00-00 00:00:00'),(32,2,4,32,3,'ALMOXARIFADO LIMPEZA','0000-00-00 00:00:00','0000-00-00 00:00:00'),(33,2,4,33,2,'ALMOXARIFADO LIMPEZA','0000-00-00 00:00:00','0000-00-00 00:00:00'),(34,2,4,34,1,'ALMOXARIFADO LIMPEZA','0000-00-00 00:00:00','0000-00-00 00:00:00'),(35,2,5,35,1,'ALMOXARIFADO LIMPEZA','0000-00-00 00:00:00','0000-00-00 00:00:00'),(36,2,6,36,1,'ALMOXARIFADO LIMPEZA','0000-00-00 00:00:00','0000-00-00 00:00:00'),(37,2,6,37,4,'ALMOXARIFADO LIMPEZA','0000-00-00 00:00:00','0000-00-00 00:00:00'),(38,2,3,38,1,'ALMOXARIFADO LIMPEZA','0000-00-00 00:00:00','0000-00-00 00:00:00'),(39,2,3,39,1,'ALMOXARIFADO LIMPEZA','0000-00-00 00:00:00','0000-00-00 00:00:00'),(40,2,3,40,2,'ALMOXARIFADO LIMPEZA','0000-00-00 00:00:00','0000-00-00 00:00:00'),(41,2,3,41,5,'ALMOXARIFADO LIMPEZA','0000-00-00 00:00:00','0000-00-00 00:00:00'),(42,2,3,42,12,'ALMOXARIFADO LIMPEZA','0000-00-00 00:00:00','0000-00-00 00:00:00'),(43,2,3,43,11,'ALMOXARIFADO LIMPEZA','0000-00-00 00:00:00','0000-00-00 00:00:00'),(44,2,3,44,2,'ALMOXARIFADO LIMPEZA','0000-00-00 00:00:00','0000-00-00 00:00:00'),(45,2,3,45,1,'ALMOXARIFADO LIMPEZA','0000-00-00 00:00:00','0000-00-00 00:00:00'),(46,2,4,46,4,'ALMOXARIFADO LIMPEZA','0000-00-00 00:00:00','0000-00-00 00:00:00'),(47,5,1,47,1,'ALMOXARIFADO LIMPEZA','0000-00-00 00:00:00','0000-00-00 00:00:00'),(48,5,1,48,2,'ALMOXARIFADO LIMPEZA','0000-00-00 00:00:00','0000-00-00 00:00:00'),(49,5,1,49,1,'ALMOXARIFADO LIMPEZA','0000-00-00 00:00:00','0000-00-00 00:00:00'),(50,5,1,50,1,'ALMOXARIFADO LIMPEZA','0000-00-00 00:00:00','0000-00-00 00:00:00'),(51,5,1,51,2,'ALMOXARIFADO LIMPEZA','0000-00-00 00:00:00','0000-00-00 00:00:00'),(52,5,1,52,1,'ALMOXARIFADO LIMPEZA','0000-00-00 00:00:00','0000-00-00 00:00:00'),(53,1,6,53,3,'ALMOXARIFADO LIMPEZA','0000-00-00 00:00:00','0000-00-00 00:00:00'),(54,1,6,54,3,'ALMOXARIFADO LIMPEZA','0000-00-00 00:00:00','0000-00-00 00:00:00'),(55,3,2,55,3,'ALMOXARIFADO LIMPEZA','0000-00-00 00:00:00','0000-00-00 00:00:00'),(56,2,2,56,12,'ALMOXARIFADO LIMPEZA','0000-00-00 00:00:00','0000-00-00 00:00:00'),(57,4,1,57,7,'ALMOXARIFADO LIMPEZA','0000-00-00 00:00:00','0000-00-00 00:00:00'),(58,2,4,58,3,'ALMOXARIFADO LIMPEZA','0000-00-00 00:00:00','0000-00-00 00:00:00'),(59,2,4,59,4,'ALMOXARIFADO LIMPEZA','0000-00-00 00:00:00','0000-00-00 00:00:00'),(60,2,4,60,7,'ALMOXARIFADO LIMPEZA','0000-00-00 00:00:00','0000-00-00 00:00:00'),(61,3,6,61,10,'ALMOXARIFADO LIMPEZA','0000-00-00 00:00:00','0000-00-00 00:00:00'),(62,5,1,62,4,'ALMOXARIFADO LIMPEZA','0000-00-00 00:00:00','0000-00-00 00:00:00'),(63,1,6,63,7,'ALMOXARIFADO LIMPEZA','0000-00-00 00:00:00','0000-00-00 00:00:00'),(64,1,6,64,3,'ALMOXARIFADO LIMPEZA','0000-00-00 00:00:00','0000-00-00 00:00:00'),(65,1,4,65,1,'ALMOXARIFADO LIMPEZA','0000-00-00 00:00:00','0000-00-00 00:00:00'),(66,3,6,66,3,'ALMOXARIFADO LIMPEZA','0000-00-00 00:00:00','0000-00-00 00:00:00'),(67,3,6,67,2,'ALMOXARIFADO LIMPEZA','0000-00-00 00:00:00','0000-00-00 00:00:00'),(68,2,2,68,3,'ALMOXARIFADO LIMPEZA','0000-00-00 00:00:00','0000-00-00 00:00:00'),(69,4,6,69,1,'ALMOXARIFADO LIMPEZA','0000-00-00 00:00:00','0000-00-00 00:00:00'),(70,4,6,70,1,'ALMOXARIFADO LIMPEZA','0000-00-00 00:00:00','0000-00-00 00:00:00'),(71,4,4,71,2,'ALMOXARIFADO LIMPEZA','0000-00-00 00:00:00','0000-00-00 00:00:00'),(72,4,4,72,4,'ALMOXARIFADO LIMPEZA','0000-00-00 00:00:00','0000-00-00 00:00:00'),(73,4,6,73,6,'ALMOXARIFADO LIMPEZA','0000-00-00 00:00:00','0000-00-00 00:00:00'),(74,4,5,74,1,'ALMOXARIFADO LIMPEZA','0000-00-00 00:00:00','0000-00-00 00:00:00'),(75,4,5,75,15,'ALMOXARIFADO LIMPEZA','0000-00-00 00:00:00','0000-00-00 00:00:00'),(76,4,4,76,2,'ALMOXARIFADO LIMPEZA','0000-00-00 00:00:00','0000-00-00 00:00:00'),(77,4,5,77,2,'ALMOXARIFADO LIMPEZA','0000-00-00 00:00:00','0000-00-00 00:00:00'),(78,4,5,78,8,'ALMOXARIFADO LIMPEZA','0000-00-00 00:00:00','0000-00-00 00:00:00'),(79,2,2,79,8,'ALMOXARIFADO LIMPEZA','0000-00-00 00:00:00','0000-00-00 00:00:00'),(80,3,6,80,1,'ALMOXARIFADO LIMPEZA','0000-00-00 00:00:00','0000-00-00 00:00:00'),(81,3,7,81,4,'ALMOXARIFADO LIMPEZA','0000-00-00 00:00:00','0000-00-00 00:00:00'),(82,4,7,82,4,'ALMOXARIFADO LIMPEZA','0000-00-00 00:00:00','0000-00-00 00:00:00'),(83,4,1,83,10,'ALMOXARIFADO LIMPEZA','0000-00-00 00:00:00','0000-00-00 00:00:00'),(84,1,6,84,1,'ALMOXARIFADO LIMPEZA','0000-00-00 00:00:00','0000-00-00 00:00:00'),(85,5,1,85,6,'ALMOXARIFADO LIMPEZA','0000-00-00 00:00:00','0000-00-00 00:00:00'),(86,5,1,86,1,'ALMOXARIFADO LIMPEZA','0000-00-00 00:00:00','0000-00-00 00:00:00'),(87,1,6,87,9,'ALMOXARIFADO LIMPEZA','0000-00-00 00:00:00','0000-00-00 00:00:00'),(88,1,6,88,1,'ALMOXARIFADO LIMPEZA','0000-00-00 00:00:00','0000-00-00 00:00:00'),(89,1,6,89,1,'ALMOXARIFADO LIMPEZA','0000-00-00 00:00:00','0000-00-00 00:00:00');
/*!40000 ALTER TABLE `localizacaolimpezas` ENABLE KEYS */;
UNLOCK TABLES;

--
-- Table structure for table `localizacaos`
--

DROP TABLE IF EXISTS `localizacaos`;
/*!40101 SET @saved_cs_client     = @@character_set_client */;
/*!40101 SET character_set_client = utf8 */;
CREATE TABLE `localizacaos` (
  `idLocal` int(11) NOT NULL AUTO_INCREMENT,
  `armario` int(11) NOT NULL,
  `prateleira` int(11) NOT NULL,
  `idProdutoGuardado` int(11) NOT NULL,
  `qtdPrdoGuardado` int(11) NOT NULL,
  `localArmario` varchar(255) NOT NULL,
  `createdAt` datetime NOT NULL,
  `updatedAt` datetime NOT NULL,
  PRIMARY KEY (`idLocal`)
) ENGINE=InnoDB AUTO_INCREMENT=51 DEFAULT CHARSET=utf8mb4 COLLATE=utf8mb4_general_ci;
/*!40101 SET character_set_client = @saved_cs_client */;

--
-- Dumping data for table `localizacaos`
--

LOCK TABLES `localizacaos` WRITE;
/*!40000 ALTER TABLE `localizacaos` DISABLE KEYS */;
INSERT INTO `localizacaos` VALUES (1,1,1,1,100,'ALMOXARIFADO','0000-00-00 00:00:00','0000-00-00 00:00:00'),(2,1,2,2,200,'ALMOXARIFADO','0000-00-00 00:00:00','0000-00-00 00:00:00'),(3,2,1,3,50,'ALMOXARIFADO','0000-00-00 00:00:00','0000-00-00 00:00:00'),(4,2,1,4,75,'ALMOXARIFADO','0000-00-00 00:00:00','0000-00-00 00:00:00'),(5,3,1,5,30,'ALMOXARIFADO','0000-00-00 00:00:00','0000-00-00 00:00:00'),(6,3,2,6,60,'ALMOXARIFADO','0000-00-00 00:00:00','0000-00-00 00:00:00'),(7,4,1,7,40,'ALMOXARIFADO','0000-00-00 00:00:00','0000-00-00 00:00:00'),(8,4,1,8,50,'ALMOXARIFADO','0000-00-00 00:00:00','0000-00-00 00:00:00'),(9,5,1,9,20,'ALMOXARIFADO','0000-00-00 00:00:00','0000-00-00 00:00:00'),(10,5,3,10,10,'ALMOXARIFADO','0000-00-00 00:00:00','0000-00-00 00:00:00'),(11,6,1,11,30,'ALMOXARIFADO','0000-00-00 00:00:00','0000-00-00 00:00:00'),(12,6,2,12,20,'ALMOXARIFADO','0000-00-00 00:00:00','0000-00-00 00:00:00'),(13,7,1,13,5,'ALMOXARIFADO','0000-00-00 00:00:00','0000-00-00 00:00:00'),(14,7,2,14,8,'ALMOXARIFADO','0000-00-00 00:00:00','0000-00-00 00:00:00'),(15,1,3,15,25,'ALMOXARIFADO','0000-00-00 00:00:00','0000-00-00 00:00:00'),(16,1,2,16,50,'ALMOXARIFADO','0000-00-00 00:00:00','0000-00-00 00:00:00'),(17,2,1,17,10,'ALMOXARIFADO','0000-00-00 00:00:00','0000-00-00 00:00:00'),(18,2,2,18,15,'ALMOXARIFADO','0000-00-00 00:00:00','0000-00-00 00:00:00'),(19,3,3,19,8,'ALMOXARIFADO','0000-00-00 00:00:00','0000-00-00 00:00:00'),(20,3,3,20,10,'ALMOXARIFADO','0000-00-00 00:00:00','0000-00-00 00:00:00'),(21,4,1,21,3,'ALMOXARIFADO','0000-00-00 00:00:00','0000-00-00 00:00:00'),(22,4,2,22,5,'ALMOXARIFADO','0000-00-00 00:00:00','0000-00-00 00:00:00'),(23,5,3,23,100,'ALMOXARIFADO','0000-00-00 00:00:00','0000-00-00 00:00:00'),(24,5,3,24,75,'ALMOXARIFADO','0000-00-00 00:00:00','0000-00-00 00:00:00'),(25,6,3,25,15,'ALMOXARIFADO','0000-00-00 00:00:00','0000-00-00 00:00:00'),(26,6,1,26,20,'ALMOXARIFADO','0000-00-00 00:00:00','0000-00-00 00:00:00'),(27,1,3,27,1,'ALMOXARIFADO','0000-00-00 00:00:00','0000-00-00 00:00:00'),(28,2,7,28,1,'ALMOXARIFADO','2024-07-01 10:37:32','2024-07-01 10:37:32'),(35,1,1,35,1,'ALMOXARIFADO','2024-07-03 13:09:05','2024-07-03 13:09:05'),(36,1,2,36,1,'ALMOXARIFADO','2024-07-03 13:09:05','2024-07-03 13:09:05'),(37,2,1,37,3,'ALMOXARIFADO','2024-07-03 13:09:05','2024-07-03 13:09:05'),(39,3,1,39,1,'ALMOXARIFADO','2024-07-03 16:24:10','2024-07-03 16:24:10'),(40,3,2,40,1,'ALMOXARIFADO','2024-07-03 16:24:10','2024-07-03 16:24:10'),(42,4,2,42,3,'ALMOXARIFADO','2024-07-03 17:33:21','2024-07-03 17:33:21'),(43,5,1,43,1,'ALMOXARIFADO','2024-07-03 17:33:21','2024-07-03 17:33:21'),(46,7,3,46,1,'ALMOXARIFADO','2024-07-04 17:25:59','2024-07-04 17:25:59'),(47,7,7,47,1,'ALMOXARIFADO','2024-07-04 17:25:59','2024-07-04 17:25:59'),(48,5,2,48,10,'ALMOXARIFADO','2024-07-04 17:25:59','2024-07-04 17:25:59'),(50,3,3,1,15,'ESTOQUE LIMPEZA','0000-00-00 00:00:00','0000-00-00 00:00:00');
/*!40000 ALTER TABLE `localizacaos` ENABLE KEYS */;
UNLOCK TABLES;

--
-- Table structure for table `pesoprodlimps`
--

DROP TABLE IF EXISTS `pesoprodlimps`;
/*!40101 SET @saved_cs_client     = @@character_set_client */;
/*!40101 SET character_set_client = utf8 */;
CREATE TABLE `pesoprodlimps` (
  `id` int(11) NOT NULL AUTO_INCREMENT,
  `idProduto` int(11) NOT NULL,
  `peso` decimal(9,2) NOT NULL,
  `createdAt` datetime NOT NULL,
  `updatedAt` datetime NOT NULL,
  PRIMARY KEY (`id`)
) ENGINE=InnoDB AUTO_INCREMENT=6 DEFAULT CHARSET=utf8mb4 COLLATE=utf8mb4_general_ci;
/*!40101 SET character_set_client = @saved_cs_client */;

--
-- Dumping data for table `pesoprodlimps`
--

LOCK TABLES `pesoprodlimps` WRITE;
/*!40000 ALTER TABLE `pesoprodlimps` DISABLE KEYS */;
INSERT INTO `pesoprodlimps` VALUES (1,26,1.00,'0000-00-00 00:00:00','0000-00-00 00:00:00'),(2,31,50.00,'0000-00-00 00:00:00','0000-00-00 00:00:00'),(3,58,1.00,'0000-00-00 00:00:00','0000-00-00 00:00:00'),(4,59,1.00,'0000-00-00 00:00:00','0000-00-00 00:00:00'),(5,60,1.00,'0000-00-00 00:00:00','0000-00-00 00:00:00');
/*!40000 ALTER TABLE `pesoprodlimps` ENABLE KEYS */;
UNLOCK TABLES;

--
-- Table structure for table `tamanhoprodlimps`
--

DROP TABLE IF EXISTS `tamanhoprodlimps`;
/*!40101 SET @saved_cs_client     = @@character_set_client */;
/*!40101 SET character_set_client = utf8 */;
CREATE TABLE `tamanhoprodlimps` (
  `id` int(11) NOT NULL AUTO_INCREMENT,
  `idProduto` int(11) NOT NULL,
  `tamanho` varchar(255) NOT NULL,
  `createdAt` datetime NOT NULL,
  `updatedAt` datetime NOT NULL,
  PRIMARY KEY (`id`)
) ENGINE=InnoDB AUTO_INCREMENT=15 DEFAULT CHARSET=utf8mb4 COLLATE=utf8mb4_general_ci;
/*!40101 SET character_set_client = @saved_cs_client */;

--
-- Dumping data for table `tamanhoprodlimps`
--

LOCK TABLES `tamanhoprodlimps` WRITE;
/*!40000 ALTER TABLE `tamanhoprodlimps` DISABLE KEYS */;
INSERT INTO `tamanhoprodlimps` VALUES (1,4,'M','0000-00-00 00:00:00','0000-00-00 00:00:00'),(2,5,'38','0000-00-00 00:00:00','0000-00-00 00:00:00'),(3,6,'38','0000-00-00 00:00:00','0000-00-00 00:00:00'),(4,7,'38','0000-00-00 00:00:00','0000-00-00 00:00:00'),(5,38,'P(7)','0000-00-00 00:00:00','0000-00-00 00:00:00'),(6,39,'M(8)','0000-00-00 00:00:00','0000-00-00 00:00:00'),(7,40,'P','0000-00-00 00:00:00','0000-00-00 00:00:00'),(8,41,'M','0000-00-00 00:00:00','0000-00-00 00:00:00'),(9,42,'G','0000-00-00 00:00:00','0000-00-00 00:00:00'),(10,43,'G','0000-00-00 00:00:00','0000-00-00 00:00:00'),(11,44,'P','0000-00-00 00:00:00','0000-00-00 00:00:00'),(12,45,'P','0000-00-00 00:00:00','0000-00-00 00:00:00'),(13,46,'M','0000-00-00 00:00:00','0000-00-00 00:00:00'),(14,61,'M','0000-00-00 00:00:00','0000-00-00 00:00:00');
/*!40000 ALTER TABLE `tamanhoprodlimps` ENABLE KEYS */;
UNLOCK TABLES;

--
-- Table structure for table `volumeprodlimps`
--

DROP TABLE IF EXISTS `volumeprodlimps`;
/*!40101 SET @saved_cs_client     = @@character_set_client */;
/*!40101 SET character_set_client = utf8 */;
CREATE TABLE `volumeprodlimps` (
  `id` int(11) NOT NULL AUTO_INCREMENT,
  `idProduto` int(11) NOT NULL,
  `formaProd` varchar(255) NOT NULL,
  `dimLargura` decimal(8,2) DEFAULT NULL,
  `dimComprimento` decimal(8,2) DEFAULT NULL,
  `dimAltura` decimal(8,2) DEFAULT NULL,
  `dimRaio` decimal(8,2) DEFAULT NULL,
  `createdAt` datetime NOT NULL,
  `updatedAt` datetime NOT NULL,
  PRIMARY KEY (`id`)
) ENGINE=InnoDB AUTO_INCREMENT=32 DEFAULT CHARSET=utf8mb4 COLLATE=utf8mb4_general_ci;
/*!40101 SET character_set_client = @saved_cs_client */;

--
-- Dumping data for table `volumeprodlimps`
--

LOCK TABLES `volumeprodlimps` WRITE;
/*!40000 ALTER TABLE `volumeprodlimps` DISABLE KEYS */;
INSERT INTO `volumeprodlimps` VALUES (1,8,'CIRCULO',0.00,0.00,61.00,3.00,'0000-00-00 00:00:00','0000-00-00 00:00:00'),(2,9,'CIRCULO',0.00,0.00,118.00,3.00,'0000-00-00 00:00:00','0000-00-00 00:00:00'),(3,10,'CIRCULO',0.00,0.00,122.00,3.00,'0000-00-00 00:00:00','0000-00-00 00:00:00'),(4,11,'CIRCULO',0.00,0.00,113.00,3.00,'0000-00-00 00:00:00','0000-00-00 00:00:00'),(5,25,'QUADRADO',20.00,10.00,61.00,0.00,'0000-00-00 00:00:00','0000-00-00 00:00:00'),(6,28,'CIRCULO',0.00,0.00,200.00,3.00,'0000-00-00 00:00:00','0000-00-00 00:00:00'),(7,35,'QUADRADO',23.00,18.00,28.80,0.00,'0000-00-00 00:00:00','0000-00-00 00:00:00'),(8,36,'QUADRADO',23.00,18.50,28.80,0.00,'0000-00-00 00:00:00','0000-00-00 00:00:00'),(9,37,'QUADRADO',23.00,18.50,39.60,0.00,'0000-00-00 00:00:00','0000-00-00 00:00:00'),(10,47,'QUADRADO',14.00,21.50,5.50,0.00,'0000-00-00 00:00:00','0000-00-00 00:00:00'),(11,48,'QUADRADO',15.50,21.00,5.50,0.00,'0000-00-00 00:00:00','0000-00-00 00:00:00'),(12,49,'QUADRADO',18.00,17.50,3.50,0.00,'0000-00-00 00:00:00','0000-00-00 00:00:00'),(13,50,'QUADRADO',19.00,22.00,6.00,0.00,'0000-00-00 00:00:00','0000-00-00 00:00:00'),(14,51,'QUADRADO',19.50,24.00,8.50,0.00,'0000-00-00 00:00:00','0000-00-00 00:00:00'),(15,52,'QUADRADO',17.50,22.00,6.00,0.00,'0000-00-00 00:00:00','0000-00-00 00:00:00'),(16,53,'QUADRADO',16.50,20.50,5.50,0.00,'0000-00-00 00:00:00','0000-00-00 00:00:00'),(17,54,'QUADRADO',16.50,23.00,6.50,0.00,'0000-00-00 00:00:00','0000-00-00 00:00:00'),(18,62,'QUADRADO',5.00,40.00,3.00,0.00,'0000-00-00 00:00:00','0000-00-00 00:00:00'),(19,63,'QUADRADO',5.00,40.00,3.00,0.00,'0000-00-00 00:00:00','0000-00-00 00:00:00'),(20,64,'QUADRADO',5.00,40.00,3.00,0.00,'0000-00-00 00:00:00','0000-00-00 00:00:00'),(21,66,'QUADRADO',20.00,10.00,61.00,0.00,'0000-00-00 00:00:00','0000-00-00 00:00:00'),(22,67,'QUADRADO',20.00,10.00,61.00,0.00,'0000-00-00 00:00:00','0000-00-00 00:00:00'),(23,80,'QUADRADO',20.00,10.00,61.00,0.00,'0000-00-00 00:00:00','0000-00-00 00:00:00'),(24,81,'QUADRADO',20.00,10.00,61.00,0.00,'0000-00-00 00:00:00','0000-00-00 00:00:00'),(25,82,'QUADRADO',20.00,10.00,61.00,0.00,'0000-00-00 00:00:00','0000-00-00 00:00:00'),(26,84,'QUADRADO',3.00,26.00,3.00,0.00,'0000-00-00 00:00:00','0000-00-00 00:00:00'),(27,85,'QUADRADO',3.00,18.00,3.00,0.00,'0000-00-00 00:00:00','0000-00-00 00:00:00'),(28,86,'QUADRADO',3.00,21.00,3.00,0.00,'0000-00-00 00:00:00','0000-00-00 00:00:00'),(29,87,'QUADRADO',3.00,19.00,3.00,0.00,'0000-00-00 00:00:00','0000-00-00 00:00:00'),(30,88,'QUADRADO',3.00,22.00,3.00,0.00,'0000-00-00 00:00:00','0000-00-00 00:00:00'),(31,89,'QUADRADO',3.00,58.00,3.00,0.00,'0000-00-00 00:00:00','0000-00-00 00:00:00');
/*!40000 ALTER TABLE `volumeprodlimps` ENABLE KEYS */;
UNLOCK TABLES;
/*!40103 SET TIME_ZONE=@OLD_TIME_ZONE */;

/*!40101 SET SQL_MODE=@OLD_SQL_MODE */;
/*!40014 SET FOREIGN_KEY_CHECKS=@OLD_FOREIGN_KEY_CHECKS */;
/*!40014 SET UNIQUE_CHECKS=@OLD_UNIQUE_CHECKS */;
/*!40101 SET CHARACTER_SET_CLIENT=@OLD_CHARACTER_SET_CLIENT */;
/*!40101 SET CHARACTER_SET_RESULTS=@OLD_CHARACTER_SET_RESULTS */;
/*!40101 SET COLLATION_CONNECTION=@OLD_COLLATION_CONNECTION */;
/*!40111 SET SQL_NOTES=@OLD_SQL_NOTES */;

-- Dump completed on 2024-07-25 17:13:45
